date,price
01/01/2014,3.0282
02/01/2014,2.989
03/01/2014,2.9948
06/01/2014,2.9576
07/01/2014,2.9391
08/01/2014,2.9894
09/01/2014,2.9652
10/01/2014,2.8579
13/01/2014,2.8257
14/01/2014,2.8709
15/01/2014,2.8912
16/01/2014,2.8414
17/01/2014,2.8194
20/01/2014,2.8194
21/01/2014,2.8286
22/01/2014,2.8656
23/01/2014,2.7772
24/01/2014,2.715
27/01/2014,2.7479
28/01/2014,2.7488
29/01/2014,2.6767
30/01/2014,2.6949
31/01/2014,2.644
03/02/2014,2.5761
04/02/2014,2.6294
05/02/2014,2.6675
06/02/2014,2.7003
07/02/2014,2.6829
10/02/2014,2.6674
11/02/2014,2.725
12/02/2014,2.7608
13/02/2014,2.732
14/02/2014,2.7428
17/02/2014,2.7428
18/02/2014,2.7069
19/02/2014,2.7392
20/02/2014,2.7509
21/02/2014,2.731
24/02/2014,2.7382
25/02/2014,2.7023
26/02/2014,2.6655
27/02/2014,2.6387
28/02/2014,2.6476
03/03/2014,2.6012
04/03/2014,2.6977
05/03/2014,2.7048
06/03/2014,2.7373
07/03/2014,2.7879
10/03/2014,2.777
11/03/2014,2.768
12/03/2014,2.73
13/03/2014,2.6446
14/03/2014,2.6543
17/03/2014,2.6921
18/03/2014,2.6722
19/03/2014,2.7725
20/03/2014,2.7716
21/03/2014,2.7426
24/03/2014,2.7281
25/03/2014,2.748
26/03/2014,2.6919
27/03/2014,2.681
28/03/2014,2.7208
31/03/2014,2.718
01/04/2014,2.7525
02/04/2014,2.8045
03/04/2014,2.7972
04/04/2014,2.7207
07/04/2014,2.6998
08/04/2014,2.6808
09/04/2014,2.6898
10/04/2014,2.6474
11/04/2014,2.6247
14/04/2014,2.6472
15/04/2014,2.6283
16/04/2014,2.6282
17/04/2014,2.7215
18/04/2014,2.7215
21/04/2014,2.7151
22/04/2014,2.7105
23/04/2014,2.6987
24/04/2014,2.6805
25/04/2014,2.6623
28/04/2014,2.7005
29/04/2014,2.6913
30/04/2014,2.6459
01/05/2014,2.6133
02/05/2014,2.5843
05/05/2014,2.6068
06/05/2014,2.5914
07/05/2014,2.5878
08/05/2014,2.6161
09/05/2014,2.6233
12/05/2014,2.6611
13/05/2014,2.6089
14/05/2014,2.5427
15/05/2014,2.4893
16/05/2014,2.5231
19/05/2014,2.5445
20/05/2014,2.5106
21/05/2014,2.532
22/05/2014,2.5499
23/05/2014,2.5321
26/05/2014,2.5321
27/05/2014,2.5142
28/05/2014,2.4431
29/05/2014,2.4644
30/05/2014,2.4759
02/06/2014,2.5267
03/06/2014,2.5985
04/06/2014,2.6021
05/06/2014,2.5824
06/06/2014,2.5869
09/06/2014,2.6032
10/06/2014,2.6439
11/06/2014,2.6394
12/06/2014,2.5951
13/06/2014,2.6033
16/06/2014,2.597
17/06/2014,2.6523
18/06/2014,2.5844
19/06/2014,2.6206
20/06/2014,2.6052
23/06/2014,2.6261
24/06/2014,2.5781
25/06/2014,2.5592
26/06/2014,2.5286
27/06/2014,2.534
30/06/2014,2.5304
01/07/2014,2.5647
02/07/2014,2.6264
03/07/2014,2.6383
04/07/2014,2.6383
07/07/2014,2.611
08/07/2014,2.5557
09/07/2014,2.5503
10/07/2014,2.5359
11/07/2014,2.516
14/07/2014,2.5468
15/07/2014,2.5468
16/07/2014,2.526
17/07/2014,2.4458
18/07/2014,2.4809
21/07/2014,2.4674
22/07/2014,2.4601
23/07/2014,2.4655
24/07/2014,2.5025
25/07/2014,2.4655
28/07/2014,2.4853
29/07/2014,2.4601
30/07/2014,2.5569
31/07/2014,2.5578
01/08/2014,2.4925
04/08/2014,2.4817
05/08/2014,2.4844
06/08/2014,2.4708
07/08/2014,2.4114
08/08/2014,2.4203
11/08/2014,2.4275
12/08/2014,2.4491
13/08/2014,2.4166
14/08/2014,2.4015
15/08/2014,2.3397
18/08/2014,2.3927
19/08/2014,2.3997
20/08/2014,2.4264
21/08/2014,2.4068
22/08/2014,2.4024
25/08/2014,2.382
26/08/2014,2.3962
27/08/2014,2.3573
28/08/2014,2.3361
29/08/2014,2.3431
01/09/2014,2.3431
02/09/2014,2.4211
03/09/2014,2.3962
04/09/2014,2.4497
05/09/2014,2.4587
08/09/2014,2.4712
09/09/2014,2.5036
10/09/2014,2.5414
11/09/2014,2.5496
12/09/2014,2.6105
15/09/2014,2.5887
16/09/2014,2.5924
17/09/2014,2.6198
18/09/2014,2.6144
19/09/2014,2.5745
22/09/2014,2.5636
23/09/2014,2.5275
24/09/2014,2.5637
25/09/2014,2.5022
26/09/2014,2.5276
29/09/2014,2.4771
30/09/2014,2.4888
01/10/2014,2.3856
02/10/2014,2.425
03/10/2014,2.434
06/10/2014,2.4196
07/10/2014,2.3391
08/10/2014,2.3213
09/10/2014,2.3133
10/10/2014,2.2804
13/10/2014,2.2804
14/10/2014,2.1973
15/10/2014,2.1358
16/10/2014,2.1559
17/10/2014,2.1936
20/10/2014,2.1909
21/10/2014,2.2217
22/10/2014,2.2164
23/10/2014,2.2712
24/10/2014,2.2685
27/10/2014,2.2605
28/10/2014,2.296
29/10/2014,2.3174
30/10/2014,2.3058
31/10/2014,2.3353
03/11/2014,2.3425
04/11/2014,2.3335
05/11/2014,2.3424
06/11/2014,2.3856
07/11/2014,2.2976
10/11/2014,2.3604
11/11/2014,2.3604
12/11/2014,2.3712
13/11/2014,2.3399
14/11/2014,2.3204
17/11/2014,2.3399
18/11/2014,2.3151
19/11/2014,2.3594
20/11/2014,2.3373
21/11/2014,2.3099
24/11/2014,2.3064
25/11/2014,2.257
26/11/2014,2.2447
27/11/2014,2.2447
28/11/2014,2.164
01/12/2014,2.235
02/12/2014,2.2923
03/12/2014,2.2799
04/12/2014,2.2341
05/12/2014,2.3065
08/12/2014,2.257
09/12/2014,2.2129
10/12/2014,2.1638
11/12/2014,2.162
12/12/2014,2.0817
15/12/2014,2.1182
16/12/2014,2.0591
17/12/2014,2.1356
18/12/2014,2.2075
19/12/2014,2.1618
22/12/2014,2.1583
23/12/2014,2.2614
24/12/2014,2.2632
25/12/2014,2.2632
26/12/2014,2.2499
29/12/2014,2.2021
30/12/2014,2.1871
31/12/2014,2.1712
01/01/2015,2.1712
02/01/2015,2.1105
05/01/2015,2.032
06/01/2015,1.9402
07/01/2015,1.9677
08/01/2015,2.0179
09/01/2015,1.9449
12/01/2015,1.907
13/01/2015,1.9
14/01/2015,1.8553
15/01/2015,1.7149
16/01/2015,1.8368
19/01/2015,1.8368
20/01/2015,1.788
21/01/2015,1.8717
22/01/2015,1.8631
23/01/2015,1.7968
26/01/2015,1.8241
27/01/2015,1.8231
28/01/2015,1.7207
29/01/2015,1.7512
30/01/2015,1.6407
02/02/2015,1.6642
03/02/2015,1.7915
04/02/2015,1.7513
05/02/2015,1.8204
06/02/2015,1.9567
09/02/2015,1.9775
10/02/2015,1.9967
11/02/2015,2.0176
12/02/2015,1.9844
13/02/2015,2.0504
16/02/2015,2.0504
17/02/2015,2.1379
18/02/2015,2.08
19/02/2015,2.1142
20/02/2015,2.1117
23/02/2015,2.0574
24/02/2015,1.98
25/02/2015,1.9688
26/02/2015,2.0295
27/02/2015,1.993
02/03/2015,2.082
03/03/2015,2.1189
04/03/2015,2.1172
05/03/2015,2.1154
06/03/2015,2.2414
09/03/2015,2.1907
10/03/2015,2.1297
11/03/2015,2.1086
12/03/2015,2.1156
13/03/2015,2.114
16/03/2015,2.0717
17/03/2015,2.0507
18/03/2015,1.9199
19/03/2015,1.9685
20/03/2015,1.9303
23/03/2015,1.912
24/03/2015,1.8731
25/03/2015,1.925
26/03/2015,1.9894
27/03/2015,1.9615
30/03/2015,1.9475
31/03/2015,1.9231
01/04/2015,1.8573
02/04/2015,1.9117
03/04/2015,1.8389
06/04/2015,1.8952
07/04/2015,1.8848
08/04/2015,1.9047
09/04/2015,1.9596
10/04/2015,1.9473
13/04/2015,1.9272
14/04/2015,1.8985
15/04/2015,1.888
16/04/2015,1.8897
17/04/2015,1.8653
20/04/2015,1.8896
21/04/2015,1.9087
22/04/2015,1.9788
23/04/2015,1.9577
24/04/2015,1.9086
27/04/2015,1.9208
28/04/2015,2.0034
29/04/2015,2.0388
30/04/2015,2.0317
01/05/2015,2.1135
04/05/2015,2.144
05/05/2015,2.1853
06/05/2015,2.2431
07/05/2015,2.18
08/05/2015,2.1478
11/05/2015,2.2797
12/05/2015,2.2489
13/05/2015,2.2926
14/05/2015,2.2301
15/05/2015,2.1424
18/05/2015,2.2337
19/05/2015,2.2886
20/05/2015,2.2479
21/05/2015,2.1898
22/05/2015,2.2092
25/05/2015,2.2092
26/05/2015,2.139
27/05/2015,2.1285
28/05/2015,2.1355
29/05/2015,2.1214
01/06/2015,2.1794
02/06/2015,2.2624
03/06/2015,2.3642
04/06/2015,2.307
05/06/2015,2.4076
08/06/2015,2.3824
09/06/2015,2.4384
10/06/2015,2.4838
11/06/2015,2.3772
12/06/2015,2.3918
15/06/2015,2.3559
16/06/2015,2.3093
17/06/2015,2.3165
18/06/2015,2.3345
19/06/2015,2.2577
22/06/2015,2.3725
23/06/2015,2.4087
24/06/2015,2.3672
25/06/2015,2.4088
26/06/2015,2.4726
29/06/2015,2.3242
30/06/2015,2.3531
01/07/2015,2.4219
02/07/2015,2.3823
03/07/2015,2.3823
06/07/2015,2.285
07/07/2015,2.2582
08/07/2015,2.1922
09/07/2015,2.3211
10/07/2015,2.3972
13/07/2015,2.4538
14/07/2015,2.401
15/07/2015,2.3521
16/07/2015,2.3503
17/07/2015,2.3469
20/07/2015,2.3723
21/07/2015,2.3253
22/07/2015,2.3235
23/07/2015,2.2677
24/07/2015,2.2624
27/07/2015,2.2175
28/07/2015,2.2499
29/07/2015,2.2859
30/07/2015,2.2589
31/07/2015,2.1801
03/08/2015,2.148
04/08/2015,2.2213
05/08/2015,2.2699
06/08/2015,2.2214
07/08/2015,2.1623
10/08/2015,2.2269
11/08/2015,2.1409
12/08/2015,2.148
13/08/2015,2.1854
14/08/2015,2.1977
17/08/2015,2.1678
18/08/2015,2.1925
19/08/2015,2.1256
20/08/2015,2.0679
21/08/2015,2.0365
24/08/2015,2.0034
25/08/2015,2.0714
26/08/2015,2.1752
27/08/2015,2.1841
28/08/2015,2.1807
31/08/2015,2.2179
01/09/2015,2.1524
02/09/2015,2.1843
03/09/2015,2.1596
04/09/2015,2.1244
07/09/2015,2.1244
08/09/2015,2.1828
09/09/2015,2.2006
10/09/2015,2.222
11/09/2015,2.1883
14/09/2015,2.1831
15/09/2015,2.2867
16/09/2015,2.294
17/09/2015,2.1903
18/09/2015,2.1336
21/09/2015,2.2012
22/09/2015,2.1337
23/09/2015,2.1497
24/09/2015,2.1266
25/09/2015,2.1623
28/09/2015,2.0949
29/09/2015,2.0508
30/09/2015,2.0368
01/10/2015,2.0368
02/10/2015,1.9929
05/10/2015,2.0562
06/10/2015,2.0315
07/10/2015,2.0668
08/10/2015,2.104
09/10/2015,2.0881
12/10/2015,2.0881
13/10/2015,2.0439
14/10/2015,1.9718
15/10/2015,2.0175
16/10/2015,2.0334
19/10/2015,2.0228
20/10/2015,2.067
21/10/2015,2.0228
22/10/2015,2.0263
23/10/2015,2.0866
26/10/2015,2.0564
27/10/2015,2.037
28/10/2015,2.1009
29/10/2015,2.1725
30/10/2015,2.1421
02/11/2015,2.1709
03/11/2015,2.2105
04/11/2015,2.225
05/11/2015,2.2323
06/11/2015,2.3252
09/11/2015,2.3436
10/11/2015,2.3419
11/11/2015,2.3301
12/11/2015,2.3116
13/11/2015,2.2658
16/11/2015,2.2676
17/11/2015,2.2658
18/11/2015,2.2728
19/11/2015,2.2482
20/11/2015,2.2623
23/11/2015,2.2377
24/11/2015,2.2377
25/11/2015,2.2341
26/11/2015,2.2341
27/11/2015,2.2201
30/11/2015,2.206
01/12/2015,2.1431
02/12/2015,2.1797
03/12/2015,2.3136
04/12/2015,2.2693
07/12/2015,2.2288
08/12/2015,2.2182
09/12/2015,2.2164
10/12/2015,2.2305
11/12/2015,2.127
14/12/2015,2.2217
15/12/2015,2.2658
16/12/2015,2.296
17/12/2015,2.2234
18/12/2015,2.204
21/12/2015,2.1917
22/12/2015,2.2357
23/12/2015,2.2534
24/12/2015,2.241
25/12/2015,2.241
28/12/2015,2.2304
29/12/2015,2.305
30/12/2015,2.2943
31/12/2015,2.2694
01/01/2016,2.2694
04/01/2016,2.2428
05/01/2016,2.2357
06/01/2016,2.1702
07/01/2016,2.1455
08/01/2016,2.1156
11/01/2016,2.1754
12/01/2016,2.1032
13/01/2016,2.0927
14/01/2016,2.0874
15/01/2016,2.0347
18/01/2016,2.0347
19/01/2016,2.0556
20/01/2016,1.9824
21/01/2016,2.0311
22/01/2016,2.0519
25/01/2016,2.0012
26/01/2016,1.9942
27/01/2016,1.9993
28/01/2016,1.9784
29/01/2016,1.9209
01/02/2016,1.9486
02/02/2016,1.8448
03/02/2016,1.8861
04/02/2016,1.8395
05/02/2016,1.8357
08/02/2016,1.7483
09/02/2016,1.726
10/02/2016,1.6681
11/02/2016,1.6591
12/02/2016,1.7481
15/02/2016,1.7481
16/02/2016,1.7723
17/02/2016,1.819
18/02/2016,1.7396
19/02/2016,1.7449
22/02/2016,1.7518
23/02/2016,1.7225
24/02/2016,1.7484
25/02/2016,1.7157
26/02/2016,1.7623
29/02/2016,1.7347
01/03/2016,1.8249
02/03/2016,1.8406
03/03/2016,1.8337
04/03/2016,1.8741
07/03/2016,1.9057
08/03/2016,1.8287
09/03/2016,1.876
10/03/2016,1.9323
11/03/2016,1.9839
14/03/2016,1.9592
15/03/2016,1.9699
16/03/2016,1.9081
17/03/2016,1.8958
18/03/2016,1.8732
21/03/2016,1.9155
22/03/2016,1.9403
23/03/2016,1.8786
24/03/2016,1.9
25/03/2016,1.9
28/03/2016,1.886
29/03/2016,1.8035
30/03/2016,1.8228
31/03/2016,1.7687
01/04/2016,1.7705
04/04/2016,1.7618
05/04/2016,1.7201
06/04/2016,1.7549
07/04/2016,1.6889
08/04/2016,1.7167
11/04/2016,1.7254
12/04/2016,1.7761
13/04/2016,1.7639
14/04/2016,1.7919
15/04/2016,1.7518
18/04/2016,1.7711
19/04/2016,1.7851
20/04/2016,1.845
21/04/2016,1.861
22/04/2016,1.8878
25/04/2016,1.9128
26/04/2016,1.9271
27/04/2016,1.8508
28/04/2016,1.8243
29/04/2016,1.8333
02/05/2016,1.8723
03/05/2016,1.7963
04/05/2016,1.7752
05/05/2016,1.7453
06/05/2016,1.7789
09/05/2016,1.7507
10/05/2016,1.7613
11/05/2016,1.7367
12/05/2016,1.7516
13/05/2016,1.7001
16/05/2016,1.7533
17/05/2016,1.7723
18/05/2016,1.8538
19/05/2016,1.8487
20/05/2016,1.8384
23/05/2016,1.835
24/05/2016,1.8629
25/05/2016,1.8664
26/05/2016,1.8282
27/05/2016,1.851
30/05/2016,1.851
31/05/2016,1.8458
01/06/2016,1.8354
02/06/2016,1.7989
03/06/2016,1.7004
06/06/2016,1.7367
07/06/2016,1.7177
08/06/2016,1.7022
09/06/2016,1.6867
10/06/2016,1.6404
13/06/2016,1.6096
14/06/2016,1.613
15/06/2016,1.572
16/06/2016,1.5788
17/06/2016,1.6078
20/06/2016,1.6886
21/06/2016,1.7059
22/06/2016,1.6852
23/06/2016,1.7458
24/06/2016,1.5599
27/06/2016,1.4377
28/06/2016,1.4664
29/06/2016,1.5155
30/06/2016,1.4697
01/07/2016,1.4441
04/07/2016,1.4441
05/07/2016,1.375
06/07/2016,1.3682
07/07/2016,1.385
08/07/2016,1.3579
11/07/2016,1.4303
12/07/2016,1.51
13/07/2016,1.4743
14/07/2016,1.5356
15/07/2016,1.5509
18/07/2016,1.5818
19/07/2016,1.5526
20/07/2016,1.5801
21/07/2016,1.556
22/07/2016,1.5663
25/07/2016,1.5731
26/07/2016,1.5611
27/07/2016,1.4976
28/07/2016,1.5044
29/07/2016,1.4531
01/08/2016,1.5214
02/08/2016,1.5558
03/08/2016,1.542
04/08/2016,1.5008
05/08/2016,1.5885
08/08/2016,1.592
09/08/2016,1.547
10/08/2016,1.5074
11/08/2016,1.5593
12/08/2016,1.5135
15/08/2016,1.5576
16/08/2016,1.5746
17/08/2016,1.5491
18/08/2016,1.5356
19/08/2016,1.5781
22/08/2016,1.5424
23/08/2016,1.5458
24/08/2016,1.5611
25/08/2016,1.5731
26/08/2016,1.6296
29/08/2016,1.5595
30/08/2016,1.5663
31/08/2016,1.58
01/09/2016,1.5681
02/09/2016,1.6024
05/09/2016,1.6024
06/09/2016,1.534
07/09/2016,1.5391
08/09/2016,1.599
09/09/2016,1.6749
12/09/2016,1.6629
13/09/2016,1.7271
14/09/2016,1.6976
15/09/2016,1.6907
16/09/2016,1.6926
19/09/2016,1.7118
20/09/2016,1.6892
21/09/2016,1.6511
22/09/2016,1.6183
23/09/2016,1.6184
26/09/2016,1.5839
27/09/2016,1.5564
28/09/2016,1.5719
29/09/2016,1.5599
30/09/2016,1.5944
03/10/2016,1.6221
04/10/2016,1.6864
05/10/2016,1.7021
06/10/2016,1.7372
07/10/2016,1.7181
10/10/2016,1.7181
11/10/2016,1.7638
12/10/2016,1.7692
13/10/2016,1.7411
14/10/2016,1.7977
17/10/2016,1.766
18/10/2016,1.7379
19/10/2016,1.7432
20/10/2016,1.7556
21/10/2016,1.7347
24/10/2016,1.7647
25/10/2016,1.756
26/10/2016,1.7931
27/10/2016,1.8536
28/10/2016,1.8468
31/10/2016,1.8255
01/11/2016,1.8274
02/11/2016,1.8025
03/11/2016,1.8115
04/11/2016,1.7762
07/11/2016,1.8261
08/11/2016,1.8547
09/11/2016,2.0571
10/11/2016,2.1501
11/11/2016,2.1501
14/11/2016,2.2614
15/11/2016,2.2189
16/11/2016,2.2225
17/11/2016,2.3026
18/11/2016,2.3548
21/11/2016,2.3154
22/11/2016,2.3119
23/11/2016,2.3498
24/11/2016,2.3498
25/11/2016,2.3572
28/11/2016,2.3124
29/11/2016,2.291
30/11/2016,2.3809
01/12/2016,2.4481
02/12/2016,2.3831
05/12/2016,2.3941
06/12/2016,2.3887
07/12/2016,2.3401
08/12/2016,2.4071
09/12/2016,2.4675
12/12/2016,2.4712
13/12/2016,2.4713
14/12/2016,2.5707
15/12/2016,2.5967
16/12/2016,2.5916
19/12/2016,2.5382
20/12/2016,2.5586
21/12/2016,2.5348
22/12/2016,2.5515
23/12/2016,2.5373
26/12/2016,2.5373
27/12/2016,2.5596
28/12/2016,2.508
29/12/2016,2.475
30/12/2016,2.4443
02/01/2017,2.4443
03/01/2017,2.4444
04/01/2017,2.439
05/01/2017,2.3443
06/01/2017,2.4193
09/01/2017,2.3647
10/01/2017,2.3757
11/01/2017,2.3721
12/01/2017,2.3631
13/01/2017,2.3964
16/01/2017,2.3964
17/01/2017,2.3253
18/01/2017,2.4296
19/01/2017,2.4739
20/01/2017,2.4668
23/01/2017,2.3971
24/01/2017,2.4652
25/01/2017,2.5116
26/01/2017,2.5043
27/01/2017,2.4843
30/01/2017,2.4881
31/01/2017,2.4531
01/02/2017,2.4699
02/02/2017,2.4737
03/02/2017,2.4648
06/02/2017,2.4077
07/02/2017,2.3931
08/02/2017,2.3363
09/02/2017,2.3948
10/02/2017,2.4073
13/02/2017,2.4358
14/02/2017,2.4698
15/02/2017,2.4932
16/02/2017,2.4467
17/02/2017,2.4147
20/02/2017,2.4147
21/02/2017,2.429
22/02/2017,2.4129
23/02/2017,2.372
24/02/2017,2.3117
27/02/2017,2.365
28/02/2017,2.3899
01/03/2017,2.4526
02/03/2017,2.4779
03/03/2017,2.478
06/03/2017,2.4997
07/03/2017,2.5179
08/03/2017,2.5597
09/03/2017,2.6053
10/03/2017,2.5745
13/03/2017,2.6258
14/03/2017,2.6002
15/03/2017,2.493
16/03/2017,2.5402
17/03/2017,2.5005
20/03/2017,2.4607
21/03/2017,2.4175
22/03/2017,2.405
23/03/2017,2.4194
24/03/2017,2.4123
27/03/2017,2.3782
28/03/2017,2.4178
29/03/2017,2.3765
30/03/2017,2.4197
31/03/2017,2.3874
03/04/2017,2.3193
04/04/2017,2.3605
05/04/2017,2.3354
06/04/2017,2.3408
07/04/2017,2.3822
10/04/2017,2.3661
11/04/2017,2.2962
12/04/2017,2.2392
13/04/2017,2.2374
14/04/2017,2.2374
17/04/2017,2.2498
18/04/2017,2.1682
19/04/2017,2.2143
20/04/2017,2.232
21/04/2017,2.248
24/04/2017,2.273
25/04/2017,2.3322
26/04/2017,2.3035
27/04/2017,2.2946
28/04/2017,2.2802
01/05/2017,2.318
02/05/2017,2.2803
03/05/2017,2.318
04/05/2017,2.3541
05/05/2017,2.3487
08/05/2017,2.3868
09/05/2017,2.3977
10/05/2017,2.4141
11/05/2017,2.3874
12/05/2017,2.3257
15/05/2017,2.3433
16/05/2017,2.3257
17/05/2017,2.2243
18/05/2017,2.2294
19/05/2017,2.2346
22/05/2017,2.2537
23/05/2017,2.2799
24/05/2017,2.2502
25/05/2017,2.2554
26/05/2017,2.2465
29/05/2017,2.2465
30/05/2017,2.2098
31/05/2017,2.2028
01/06/2017,2.2114
02/06/2017,2.1591
05/06/2017,2.1817
06/06/2017,2.1451
07/06/2017,2.1729
08/06/2017,2.1885
09/06/2017,2.2005
12/06/2017,2.2145
13/06/2017,2.2109
14/06/2017,2.1256
15/06/2017,2.1637
16/06/2017,2.1514
19/06/2017,2.1879
20/06/2017,2.1565
21/06/2017,2.1634
22/06/2017,2.1477
23/06/2017,2.1423
26/06/2017,2.137
27/06/2017,2.2051
28/06/2017,2.2279
29/06/2017,2.2666
30/06/2017,2.3037
03/07/2017,2.3499
04/07/2017,2.3499
05/07/2017,2.3232
06/07/2017,2.3659
07/07/2017,2.3856
10/07/2017,2.373
11/07/2017,2.3605
12/07/2017,2.3177
13/07/2017,2.3444
14/07/2017,2.3319
17/07/2017,2.3141
18/07/2017,2.259
19/07/2017,2.2696
20/07/2017,2.2589
21/07/2017,2.2375
24/07/2017,2.2552
25/07/2017,2.3354
26/07/2017,2.2872
27/07/2017,2.3103
28/07/2017,2.2889
31/07/2017,2.2942
01/08/2017,2.2532
02/08/2017,2.271
03/08/2017,2.2212
04/08/2017,2.262
07/08/2017,2.253
08/08/2017,2.2619
09/08/2017,2.2476
10/08/2017,2.1975
11/08/2017,2.1888
14/08/2017,2.2185
15/08/2017,2.2728
16/08/2017,2.222
17/08/2017,2.1853
18/08/2017,2.1939
21/08/2017,2.1817
22/08/2017,2.2131
23/08/2017,2.166
24/08/2017,2.1939
25/08/2017,2.1659
28/08/2017,2.1571
29/08/2017,2.1292
30/08/2017,2.1309
31/08/2017,2.117
01/09/2017,2.1657
04/09/2017,2.1657
05/09/2017,2.0596
06/09/2017,2.1046
07/09/2017,2.0387
08/09/2017,2.0507
11/09/2017,2.1306
12/09/2017,2.1672
13/09/2017,2.1883
14/09/2017,2.1847
15/09/2017,2.2023
18/09/2017,2.2287
19/09/2017,2.2446
20/09/2017,2.2676
21/09/2017,2.2765
22/09/2017,2.2499
25/09/2017,2.2198
26/09/2017,2.2357
27/09/2017,2.3103
28/09/2017,2.3085
29/09/2017,2.3336
02/10/2017,2.3408
03/10/2017,2.3229
04/10/2017,2.3229
05/10/2017,2.348
06/10/2017,2.3589
09/10/2017,2.3589
10/10/2017,2.3607
11/10/2017,2.3481
12/10/2017,2.3177
13/10/2017,2.273
16/10/2017,2.3034
17/10/2017,2.2998
18/10/2017,2.3465
19/10/2017,2.3178
20/10/2017,2.3845
23/10/2017,2.3664
24/10/2017,2.4189
25/10/2017,2.4317
26/10/2017,2.4609
27/10/2017,2.4064
30/10/2017,2.3684
31/10/2017,2.3793
01/11/2017,2.3721
02/11/2017,2.345
03/11/2017,2.3325
06/11/2017,2.3163
07/11/2017,2.3145
08/11/2017,2.3343
09/11/2017,2.3416
10/11/2017,2.3984
13/11/2017,2.4055
14/11/2017,2.3717
15/11/2017,2.3222
16/11/2017,2.3753
17/11/2017,2.3435
20/11/2017,2.3666
21/11/2017,2.3559
22/11/2017,2.3187
23/11/2017,2.3187
24/11/2017,2.3418
27/11/2017,2.3277
28/11/2017,2.3277
29/11/2017,2.3882
30/11/2017,2.4097
01/12/2017,2.3615
04/12/2017,2.3723
05/12/2017,2.3509
06/12/2017,2.3385
07/12/2017,2.3634
08/12/2017,2.376
11/12/2017,2.3886
12/12/2017,2.4011
13/12/2017,2.3422
14/12/2017,2.3493
15/12/2017,2.353
18/12/2017,2.3942
19/12/2017,2.4644
20/12/2017,2.497
21/12/2017,2.4826
22/12/2017,2.481
25/12/2017,2.481
26/12/2017,2.4756
27/12/2017,2.4107
28/12/2017,2.4305
29/12/2017,2.4054
01/01/2018,2.4054
02/01/2018,2.4633
03/01/2018,2.4471
04/01/2018,2.4525
05/01/2018,2.4763
08/01/2018,2.48
09/01/2018,2.553
10/01/2018,2.5568
11/01/2018,2.5367
12/01/2018,2.5462
15/01/2018,2.5462
16/01/2018,2.5371
17/01/2018,2.5904
18/01/2018,2.6256
19/01/2018,2.6592
22/01/2018,2.65
23/01/2018,2.6131
24/01/2018,2.6465
25/01/2018,2.617
26/01/2018,2.6599
29/01/2018,2.6936
30/01/2018,2.7199
31/01/2018,2.705
01/02/2018,2.7896
02/02/2018,2.8411
05/02/2018,2.7056
06/02/2018,2.8016
07/02/2018,2.8359
08/02/2018,2.824
09/02/2018,2.8512
12/02/2018,2.8585
13/02/2018,2.8294
14/02/2018,2.9022
15/02/2018,2.9095
16/02/2018,2.8749
19/02/2018,2.8749
20/02/2018,2.8896
21/02/2018,2.95
22/02/2018,2.9207
23/02/2018,2.866
26/02/2018,2.8623
27/02/2018,2.8934
28/02/2018,2.8606
01/03/2018,2.8078
02/03/2018,2.8643
05/03/2018,2.8808
06/03/2018,2.8863
07/03/2018,2.8827
08/03/2018,2.8571
09/03/2018,2.8938
12/03/2018,2.8681
13/03/2018,2.8426
14/03/2018,2.817
15/03/2018,2.828
16/03/2018,2.8445
19/03/2018,2.8555
20/03/2018,2.8959
21/03/2018,2.883
22/03/2018,2.8244
23/03/2018,2.8135
26/03/2018,2.852
27/03/2018,2.7753
28/03/2018,2.7807
29/03/2018,2.7389
30/03/2018,2.7389
02/04/2018,2.7298
03/04/2018,2.7753
04/04/2018,2.8027
05/04/2018,2.832
06/04/2018,2.7735
09/04/2018,2.779
10/04/2018,2.8009
11/04/2018,2.7808
12/04/2018,2.8358
13/04/2018,2.8267
16/04/2018,2.8267
17/04/2018,2.8285
18/04/2018,2.8728
19/04/2018,2.9098
20/04/2018,2.9602
23/04/2018,2.9752
24/04/2018,2.9995
25/04/2018,3.0259
26/04/2018,2.9809
27/04/2018,2.9568
30/04/2018,2.9531
01/05/2018,2.9644
02/05/2018,2.9663
03/05/2018,2.9458
04/05/2018,2.9497
07/05/2018,2.9497
08/05/2018,2.976
09/05/2018,3.0042
10/05/2018,2.9622
11/05/2018,2.9695
14/05/2018,3.0024
15/05/2018,3.0723
16/05/2018,3.0964
17/05/2018,3.1112
18/05/2018,3.0559
21/05/2018,3.0596
22/05/2018,3.0597
23/05/2018,2.9935
24/05/2018,2.977
25/05/2018,2.9313
28/05/2018,2.9313
29/05/2018,2.781
30/05/2018,2.855
31/05/2018,2.8586
01/06/2018,2.9022
04/06/2018,2.9424
05/06/2018,2.9277
06/06/2018,2.9717
07/06/2018,2.9204
08/06/2018,2.9461
11/06/2018,2.9516
12/06/2018,2.9608
13/06/2018,2.9663
14/06/2018,2.9351
15/06/2018,2.9205
18/06/2018,2.9169
19/06/2018,2.8967
20/06/2018,2.9389
21/06/2018,2.8967
22/06/2018,2.8949
25/06/2018,2.8803
26/06/2018,2.8766
27/06/2018,2.8256
28/06/2018,2.8365
29/06/2018,2.8601
02/07/2018,2.8711
03/07/2018,2.8309
04/07/2018,2.8309
05/07/2018,2.8291
06/07/2018,2.8217
09/07/2018,2.8564
10/07/2018,2.8491
11/07/2018,2.8491
12/07/2018,2.8454
13/07/2018,2.8271
16/07/2018,2.8582
17/07/2018,2.86
18/07/2018,2.8692
19/07/2018,2.838
20/07/2018,2.8931
23/07/2018,2.9541
24/07/2018,2.9486
25/07/2018,2.9746
26/07/2018,2.9764
27/07/2018,2.9542
30/07/2018,2.9728
31/07/2018,2.9598
01/08/2018,3.0064
02/08/2018,2.9859
03/08/2018,2.9488
06/08/2018,2.9395
07/08/2018,2.973
08/08/2018,2.96
09/08/2018,2.9258
10/08/2018,2.8732
13/08/2018,2.8786
14/08/2018,2.8985
15/08/2018,2.8623
16/08/2018,2.8659
17/08/2018,2.8605
20/08/2018,2.819
21/08/2018,2.8298
22/08/2018,2.8189
23/08/2018,2.8261
24/08/2018,2.8098
27/08/2018,2.8459
28/08/2018,2.8804
29/08/2018,2.884
30/08/2018,2.855
31/08/2018,2.8604
03/09/2018,2.8604
04/09/2018,2.8985
05/09/2018,2.9022
06/09/2018,2.8731
07/09/2018,2.9388
10/09/2018,2.9314
11/09/2018,2.9755
12/09/2018,2.9626
13/09/2018,2.97
14/09/2018,2.9959
17/09/2018,2.9867
18/09/2018,3.0551
19/09/2018,3.0626
20/09/2018,3.0626
21/09/2018,3.0628
24/09/2018,3.0889
25/09/2018,3.0964
26/09/2018,3.048
27/09/2018,3.0518
28/09/2018,3.0612
01/10/2018,3.0836
02/10/2018,3.0631
03/10/2018,3.1813
04/10/2018,3.187
05/10/2018,3.2328
08/10/2018,3.2328
09/10/2018,3.2063
10/10/2018,3.1629
11/10/2018,3.1498
12/10/2018,3.1613
15/10/2018,3.1557
16/10/2018,3.1633
17/10/2018,3.205
18/10/2018,3.1786
19/10/2018,3.1921
22/10/2018,3.1978
23/10/2018,3.1676
24/10/2018,3.1035
25/10/2018,3.1167
26/10/2018,3.0755
29/10/2018,3.0849
30/10/2018,3.1227
31/10/2018,3.1435
01/11/2018,3.1303
02/11/2018,3.2121
05/11/2018,3.2008
06/11/2018,3.2276
07/11/2018,3.2355
08/11/2018,3.2373
09/11/2018,3.1819
12/11/2018,3.1819
13/11/2018,3.1397
14/11/2018,3.125
15/11/2018,3.1103
16/11/2018,3.0628
19/11/2018,3.0628
20/11/2018,3.0628
21/11/2018,3.0627
22/11/2018,3.0627
23/11/2018,3.039
26/11/2018,3.0535
27/11/2018,3.0572
28/11/2018,3.059
29/11/2018,3.0298
30/11/2018,2.9879
03/12/2018,2.9697
04/12/2018,2.9136
05/12/2018,2.9136
06/12/2018,2.8955
07/12/2018,2.845
10/12/2018,2.8575
11/12/2018,2.879
12/12/2018,2.9096
13/12/2018,2.9131
14/12/2018,2.8895
17/12/2018,2.857
18/12/2018,2.8175
19/12/2018,2.7548
20/12/2018,2.8065
21/12/2018,2.7902
24/12/2018,2.7383
25/12/2018,2.7383
26/12/2018,2.8079
27/12/2018,2.7666
28/12/2018,2.7182
31/12/2018,2.6842
01/01/2019,2.6842
02/01/2019,2.6204
03/01/2019,2.5535
04/01/2019,2.6677
07/01/2019,2.696
08/01/2019,2.728
09/01/2019,2.71
10/01/2019,2.7421
11/01/2019,2.7007
14/01/2019,2.7024
15/01/2019,2.7112
16/01/2019,2.7218
17/01/2019,2.7504
18/01/2019,2.7842
21/01/2019,2.7842
22/01/2019,2.7392
23/01/2019,2.7409
24/01/2019,2.7157
25/01/2019,2.7585
28/01/2019,2.744
29/01/2019,2.7098
30/01/2019,2.6775
31/01/2019,2.6293
01/02/2019,2.6842
04/02/2019,2.7235
05/02/2019,2.6983
06/02/2019,2.6946
07/02/2019,2.6572
08/02/2019,2.6339
11/02/2019,2.6536
12/02/2019,2.6877
13/02/2019,2.7021
14/02/2019,2.6536
15/02/2019,2.6626
18/02/2019,2.6626
19/02/2019,2.6339
20/02/2019,2.6447
21/02/2019,2.6914
22/02/2019,2.6518
25/02/2019,2.6626
26/02/2019,2.6357
27/02/2019,2.6825
28/02/2019,2.715
01/03/2019,2.7531
04/03/2019,2.7223
05/03/2019,2.7169
06/03/2019,2.6934
07/03/2019,2.6393
08/03/2019,2.6285
11/03/2019,2.6393
12/03/2019,2.6015
13/03/2019,2.6213
14/03/2019,2.6303
15/03/2019,2.5871
18/03/2019,2.6033
19/03/2019,2.6123
20/03/2019,2.5263
21/03/2019,2.5369
22/03/2019,2.439
25/03/2019,2.3983
26/03/2019,2.423
27/03/2019,2.3665
28/03/2019,2.3946
29/03/2019,2.405
01/04/2019,2.5009
02/04/2019,2.4741
03/04/2019,2.5241
04/04/2019,2.5151
05/04/2019,2.4954
08/04/2019,2.5222
09/04/2019,2.5006
10/04/2019,2.4649
11/04/2019,2.497
12/04/2019,2.5651
15/04/2019,2.5543
16/04/2019,2.5904
17/04/2019,2.594
18/04/2019,2.5596
19/04/2019,2.5596
22/04/2019,2.5885
23/04/2019,2.565
24/04/2019,2.5181
25/04/2019,2.5325
26/04/2019,2.4982
29/04/2019,2.5252
30/04/2019,2.5018
01/05/2019,2.4999
02/05/2019,2.5414
03/05/2019,2.525
06/05/2019,2.4692
07/05/2019,2.4566
08/05/2019,2.4835
09/05/2019,2.4423
10/05/2019,2.4672
13/05/2019,2.4015
14/05/2019,2.4104
15/05/2019,2.3732
16/05/2019,2.3944
17/05/2019,2.3909
20/05/2019,2.4157
21/05/2019,2.4264
22/05/2019,2.382
23/05/2019,2.3185
24/05/2019,2.3202
27/05/2019,2.3202
28/05/2019,2.2658
29/05/2019,2.2605
30/05/2019,2.2133
31/05/2019,2.1246
03/06/2019,2.071
04/06/2019,2.1296
05/06/2019,2.1348
06/06/2019,2.1174
07/06/2019,2.0809
10/06/2019,2.1484
11/06/2019,2.1431
12/06/2019,2.1205
13/06/2019,2.0945
14/06/2019,2.0804
17/06/2019,2.0942
18/06/2019,2.0595
19/06/2019,2.0233
20/06/2019,2.0284
21/06/2019,2.054
24/06/2019,2.0143
25/06/2019,1.985
26/06/2019,2.0468
27/06/2019,2.014
28/06/2019,2.0051
01/07/2019,2.024
02/07/2019,1.974
03/07/2019,1.9498
04/07/2019,1.9498
05/07/2019,2.0338
08/07/2019,2.0476
09/07/2019,2.0648
10/07/2019,2.0613
11/07/2019,2.1378
12/07/2019,2.1219
15/07/2019,2.0887
16/07/2019,2.1026
17/07/2019,2.0451
18/07/2019,2.0242
19/07/2019,2.0552
22/07/2019,2.0464
23/07/2019,2.0812
24/07/2019,2.0428
25/07/2019,2.081
26/07/2019,2.0703
29/07/2019,2.065
30/07/2019,2.058
31/07/2019,2.0144
01/08/2019,1.8935
02/08/2019,1.8452
05/08/2019,1.7075
06/08/2019,1.7023
07/08/2019,1.7342
08/08/2019,1.7172
09/08/2019,1.7447
12/08/2019,1.6454
13/08/2019,1.7035
14/08/2019,1.5792
15/08/2019,1.5269
16/08/2019,1.5538
19/08/2019,1.6063
20/08/2019,1.5555
21/08/2019,1.5893
22/08/2019,1.6131
23/08/2019,1.5351
26/08/2019,1.5351
27/08/2019,1.4711
28/08/2019,1.4794
29/08/2019,1.4945
30/08/2019,1.4961
02/09/2019,1.4961
03/09/2019,1.4573
04/09/2019,1.4657
05/09/2019,1.5586
06/09/2019,1.5602
09/09/2019,1.6438
10/09/2019,1.7316
11/09/2019,1.7385
12/09/2019,1.7715
13/09/2019,1.8958
16/09/2019,1.8467
17/09/2019,1.8013
18/09/2019,1.7961
19/09/2019,1.784
20/09/2019,1.7215
23/09/2019,1.7267
24/09/2019,1.6456
25/09/2019,1.7372
26/09/2019,1.6921
27/09/2019,1.6801
30/09/2019,1.6646
01/10/2019,1.6353
02/10/2019,1.5992
03/10/2019,1.5341
04/10/2019,1.529
07/10/2019,1.558
08/10/2019,1.5289
09/10/2019,1.5836
10/10/2019,1.6681
11/10/2019,1.729
14/10/2019,1.729
15/10/2019,1.771
16/10/2019,1.7395
17/10/2019,1.7518
18/10/2019,1.7536
21/10/2019,1.7993
22/10/2019,1.7607
23/10/2019,1.7642
24/10/2019,1.766
25/10/2019,1.7943
28/10/2019,1.842
29/10/2019,1.8385
30/10/2019,1.7715
31/10/2019,1.691
01/11/2019,1.7103
04/11/2019,1.777
05/11/2019,1.8584
06/11/2019,1.8283
07/11/2019,1.9173
08/11/2019,1.9417
11/11/2019,1.9417
12/11/2019,1.9347
13/11/2019,1.886
14/11/2019,1.8186
15/11/2019,1.8308
18/11/2019,1.8153
19/11/2019,1.7826
20/11/2019,1.7449
21/11/2019,1.7723
22/11/2019,1.7706
25/11/2019,1.7551
26/11/2019,1.7414
27/11/2019,1.7654
28/11/2019,1.7654
29/11/2019,1.7758
02/12/2019,1.8189
03/12/2019,1.7157
04/12/2019,1.774
05/12/2019,1.8103
06/12/2019,1.8363
09/12/2019,1.819
10/12/2019,1.8416
11/12/2019,1.7914
12/12/2019,1.8922
13/12/2019,1.8226
16/12/2019,1.8713
17/12/2019,1.8801
18/12/2019,1.9169
19/12/2019,1.9204
20/12/2019,1.9171
23/12/2019,1.9294
24/12/2019,1.8996
25/12/2019,1.8996
26/12/2019,1.8944
27/12/2019,1.8752
30/12/2019,1.8788
31/12/2019,1.9175